title,description,remaining_count,expiration_date
Bali,"Suspendisse congue erat ac ex venenatis mattis.",5,2030-11-19
Madeira,"Donec condimentum, risus non mollis sollicitudin.",4,2030-11-20
Paris trip,"Pellentesque non aliquam eros, quis posuere leo.",3,2030-11-21
F1 stage,"Lorem ipsum dolor sit amet, consectetur adipiscing elit.",2,2030-11-22
Hot air balloon,"Etiam molestie sem id luctus facilisis.",1,2021-11-23
Route 66,"Quisque at feugiat purus.",0,2022-11-24
Milano,"Nunc laoreet purus eget tristique suscipit.",1,2030-11-25
Italy,"Suspendisse potenti",2,2030-11-26
Rome,"Suspendisse dui felis, convallis in tortor vitae.",5,2030-11-27
